{
	"data":[{
			"contentList":[{
							"content":"内容1",
							"id":5
							},{
							"content":"内容2",
							"id":6
							},{
							"content":"内容3",
							"id":7
							},{
							"content":"内容4",
							"id":8
							}]
			},{
			"contentList":[{
							"content":"内容1",
							"id":5
							},{
							"content":"内容2",
							"id":6
							},{
							"content":"内容3",
							"id":7
							},{
							"content":"内容4",
							"id":8
							}]
			}]
}
